{
    "O": {
        "precision": 0.9915143645094724,
        "recall": 0.996646333583189,
        "f1-score": 0.9940737255609658,
        "support": 154756.0
    },
    "B-PER": {
        "precision": 0.9841269841269841,
        "recall": 0.998896490840874,
        "f1-score": 0.9914567360350492,
        "support": 4531.0
    },
    "I-PER": {
        "precision": 0.6961583236321304,
        "recall": 0.9033232628398792,
        "f1-score": 0.7863247863247863,
        "support": 662.0
    },
    "B-LOC": {
        "precision": 0.9687315634218289,
        "recall": 0.9574344023323615,
        "f1-score": 0.963049853372434,
        "support": 1715.0
    },
    "I-LOC": {
        "precision": 0.9327102803738317,
        "recall": 0.8940516005733397,
        "f1-score": 0.9129718851009331,
        "support": 8372.0
    },
    "B-ORG": {
        "precision": 0.9932659932659933,
        "recall": 0.7662337662337663,
        "f1-score": 0.8651026392961877,
        "support": 385.0
    },
    "I-ORG": {
        "precision": 0.8861386138613861,
        "recall": 0.3416030534351145,
        "f1-score": 0.4931129476584022,
        "support": 1048.0
    },
    "B-MISC": {
        "precision": 0.8014766201804758,
        "recall": 1.0,
        "f1-score": 0.8897996357012751,
        "support": 977.0
    },
    "I-MISC": {
        "precision": 0.0,
        "recall": 0.0,
        "f1-score": 0.0,
        "support": 209.0
    },
    "accuracy": 0.9853059569662043,
    "macro avg": {
        "precision": 0.8060136381524559,
        "recall": 0.7620209899820582,
        "f1-score": 0.7662102454500037,
        "support": 172655.0
    },
    "weighted avg": {
        "precision": 0.9841990188558709,
        "recall": 0.9853059569662043,
        "f1-score": 0.9838459540840899,
        "support": 172655.0
    }
}