{
    "O": {
        "precision": 0.9915143645094724,
        "recall": 0.996646333583189,
        "f1-score": 0.9940737255609658,
        "support": 154756.0
    },
    "PER": {
        "precision": 0.9430194210333456,
        "recall": 0.9911419218178317,
        "f1-score": 0.9664820204675617,
        "support": 5193.0
    },
    "LOC": {
        "precision": 0.944238683127572,
        "recall": 0.9098840091206504,
        "f1-score": 0.9267430706315949,
        "support": 10087.0
    },
    "ORG": {
        "precision": 0.9386590584878745,
        "recall": 0.45917655268667135,
        "f1-score": 0.6166822867853796,
        "support": 1433.0
    },
    "MISC": {
        "precision": 0.9712879409351928,
        "recall": 0.9983136593591906,
        "f1-score": 0.9846153846153847,
        "support": 1186.0
    },
    "accuracy": 0.9869624395470736,
    "macro avg": {
        "precision": 0.9577438936186915,
        "recall": 0.8710324953135066,
        "f1-score": 0.8977192976121774,
        "support": 172655.0
    },
    "weighted avg": {
        "precision": 0.9867161586569989,
        "recall": 0.9869624395470736,
        "f1-score": 0.986112950808138,
        "support": 172655.0
    }
}