{
    "state_train": [
        1.1953281865400427,
        0.5363479484530056,
        0.3093678337686202,
        0.24996970243313732,
        0.23054645429639256,
        0.20374377860742457,
        0.1745564175002715,
        0.15322530970853918,
        0.13687794261118946,
        0.12363580789636164,
        0.11313374866457547,
        0.10351835761000128,
        0.09576795863754609,
        0.08842458313002306,
        0.08334731968010173,
        0.07971293347723343,
        0.07658832783208173,
        0.07287528212456142,
        0.07183243180899058,
        0.07149435163420789
    ],
    "state_test": [
        0.6824226623231714,
        0.35946913876316766,
        0.254583559252999,
        0.2342332825064659,
        0.20222603529691696,
        0.1803767897865989,
        0.1565819609571587,
        0.14096348427913405,
        0.12573128125884317,
        0.11429360949180344,
        0.10412305254827846,
        0.09721857885068114,
        0.09199970588088036,
        0.0863460845906626,
        0.08258434232663024,
        0.07938106645914642,
        0.07749047807671806,
        0.07451330463994633,
        0.07612700269303539,
        0.07539349235594273
    ],
    "epochs": [
        0,
        1,
        2,
        3,
        4,
        5,
        6,
        7,
        8,
        9,
        10,
        11,
        12,
        13,
        14,
        15,
        16,
        17,
        18,
        19
    ]
}